﻿YEAR,ISSUE,TIMESTAMP,STORY,OUTLINE,CONFIDENCE,TYPE_MT,TYPE1_3_MT,TYPE_MO,TYPE1_3_MO
1951,58,166,3,"Баку. Улицы, здания, площади, парки города. Строительство зданий. Архитекторы за работой.",1,1,1,1,1
1954,71,474,7," Американский сектор в Берлине, люди у мусорных баков, реклама. Демократический сектор Берлина - строительство дома, новая квартира рабочего, витрины магазинов.",0,0,0,0,0
1955,19,200,3,На морском вокзале проводы на целину отряда комсомольцев Баку.,1,1,1,1,1
1955,44,217,3," Встреча на Центральном аэродроме в г. Москве делегации народной скупщины Федеративной Республики Югославии во главе с В. Бакаричем. Среди встречающих: А. П. Волков, В. Т. Лацис и другие. ",0,0,0,0,0
1955,45,20,1,Город Москва. Посещение Московского автомобильного завода имени Сталина югославской парламентской делегацией во главе с В. Бакаричем. Делегаты осматривают цех сборки автомашин.,0,0,0,0,0
1955,53,58,2," Приезд индийских специалистов на Бакинский промысел ""Нефтяные Камни"", знакомство с методами добычи нефти под морским дном.",1,3,1,3,1
1956,19,197,4," Ново-Бакинский нефтеперерабатывающий завод. Нефтеустановки, операторы у приборов. ",1,3,1,3,1
1956,22,378,8,Критический сюжет: очереди автомобилей на заправку бензином у заправочных пунктов в г. Баку.,1,1,1,1,1
1956,32,357,7," Учения пожарных Бакинского морского нефтепромысла по тушению ""пожара"" на нефтяной вышке. ",1,3,1,3,1
1956,51,413,8," Японские рыбаки используют птиц-бакланов для ловли рыбы. Бакланы плавают, заглатывают рыбу; рыбак вытаскивает рыбу из баклана, горло которого перевязано шнурком. ",0,0,0,0,0
1956,52,418,8,Город Баку. Телевизионная вышка нового телецентра. Трансляция телевизионной передачи по Бакинскому телевидению.,1,1,1,1,1
1957,24,66,2,Вид нефтяных вышке в Туркменской ССР Памятник 26-ти бакинским комиссарам. Улицы г. Небит-Дага в Туркмении.,1,4,0,3,1
1957,30,73,2,Король Афганистана М. Захир Шах беседует с Председателем Президиума Верховного Совета Азербайджанской ССР М. Ибрагимовым на приеме во время визита в г. Баку; осматривает нефтяные промыслы в Баку.,1,1,1,1,1
1958,19,20,1," Визит в СССР Президента Объединенной Арабской Республики Г. Насера: Г. Насер совершает поездку в г. Баку, беседует с Председателем Президиума Верховного Совета Азербайджанской ССР Абдуллаевым на приеме, посещает Ново-Бакинский нефтеперерабатывающий завод.",1,1,1,1,1
1958,21,387,6,Вид помещения новой птицефабрики в районе Баку. Работницы птицефабрики ухаживают за цыплятами; штампуют яички.,1,2,0,1,1
1959,6,437,8,Курорт Бакуриани. Соревнования по прыжкам с трамплина. Выступления спортсменов.,0,0,0,0,0
1959,10,166,3,Город Бакал. Улицы города. Залежи железной руды. Работает машинист экскаватора К. П. Шевкунова.,0,0,0,0,0
1959,21,240,4," Город Москва. Английские медики, приехавшие в СССР для обмена опытом, беседуют с советскими врачами, академиком А. Бакулевым. Операция на сердце, которую делают советские и английские врачи. Девочка после операции. Здание Первой городской больницы. ",0,0,0,0,0
1959,44,305,7," Город Баку. Испытание пожарной машины, от которой работают брандспойты. Испытание новых насадок для тушения нефти на пожарном полигоне. ",1,1,1,1,1
1959,48,176,3," Траулер ""Баклунд"" в море. Сеть с сельдью на палубе. Посол сельди. ",0,0,0,0,0
1960,25,299,7," Азербайджан. Линия движения фуникулера в г. Баку от набережной до Центрального парка культуры и отдыха имени Кирова, расположенного высоко над городом. ",1,1,1,1,1
1960,48,45,2," Уникальная энергетическая установка в г. Баку: блок парового котла высокого давления и турбогенератора, смонтированный под открытым небом. Пульт управления. Машинный зал. Высоковольтная линия электропередачи. ",1,1,1,1,1
1961,4,566,10," Соревнования по горнолыжному спорту в горах Бакуриани (Грузия) и Заилийского Ала-Тау (Казахстан).,",0,0,0,0,0
1961,17,534,9," Футбольный матч на стадионе ""Динамо"" между командами ""Торпедо"" (Москва) и ""Нефтяник"" (Баку). Моменты игры.",1,1,1,1,1
1962,46,312,7," Морская сейсмическая станция ""Бакр"", построенная по заказу ОАР в море. Подписание документов о передаче корабля ""Бакр"", который будет вести разведку нефтяных месторождений в Красном море, представителям ОАР. ",0,0,0,0,0
1962,47,430,8,Археологическая экспедиция института искусствознания АН Узбекской ССР во время раскопок древнего поселения бактерийцев в долине Сурхан-Дарьи.,0,0,0,0,0
1963,13,562,10,Соревнования на личное первенство Советского Союза по горнолыжному спорту в Баксанском ущелье на склоне горы Чегет.,0,0,0,0,0
1964,39,350,6," Город Баку. Здание Азербайджанского государственного университета. Лаборатории, аудитории, библиотека. Студенты на занятиях. ",1,1,1,1,1
1967,26,378,5,Морские нефтепромыслы в Каспийском море в районе Баку. Установка одной из буровых вышек.,1,3,1,2,0
1968,3,206,4,Открытие метрополитена в Баку. Виды Баку.,1,1,1,1,1
1968,16,445,7," Представление на арене нового Бакинского цирка, где выступают азербайджанские джигиты. ",1,3,1,3,1
1968,42,84,2,50-летие со дня гибели бакинских комиссаров. Вид обелиска на месте гибели 26-ти бакинских комиссаров в песках Западных Каракумов. Мавзолей 26-ти бакинских комиссаров в г. Баку.,1,1,1,3,1
1970,14,234,4," ""Коневоды Баклашовы"". Государственный племенной завод. Строительство новых зданий завода. Рабочая династия семьи Баклашовых за работой; дома за праздничным столом. ",0,0,0,0,0
1970,17,20,1," Торжественное заседание, посвященное 100-летию со дня рождения В. И. Ленина в Большом театре. Выступают: Н. В. Подгорный, Л. И. Брежнев (синхронно), В. Гомулка, В. Ульбрихт, Ле Зуан, Ж. Дюкло, Г. Гусак, Я. Кадар, Т. Живков, Хо Суан Сон, О. Дортикос, Н. Чаушеску, Г. Холл, Ю. Цеденбал, А. Сабри, Р. Арисменди, В. Бакарич, А. Н. Косыгин. ",0,0,0,0,0
1970,40,20,1," ""Л.И.Брежнев в Азербайджане"". Город Баку. Л. И. Брежнев, прибывший в Азербайджан на торжества, посвященные 50-летию республики, на железнодорожном вокзале, во время проезда в автомобиле по городу. ",1,1,1,1,1
1970,41,20,1," 50-летие Азербайджанской ССР. Торжества, посвященные 50-летию создания Азербайджанской ССР и Коммунистической партии Азербайджана. Возложение цветов к памятнику 26-ти бакинским комиссарам. Торжественное заседание. Присутствуют и выступают: Г. А. Алиев, Л. И. Брежнев. Л. И. Брежнев посещает нефтепромыслы. ",1,3,1,3,1
1971,48,351,5," Морской железнодорожный паром ""Советский Узбекистан"". Работа паромной переправы ""Баку-Красноводск"". ",1,1,1,1,1
1972,14,166,2," А. А. Громыко, посол США в СССР Д. Бим, посол Великобритании в СССР Д. Киллик подписывают в Москве Конвенцию о запрещении разработки, производства и накопления бактериологического и токсинного оружия. ",0,0,0,0,0
1973,10,111,2,Производственные процессы на Ново-Бакинском нефтеперерабатывающем заводе. Работает оператор Г. Гусейнова и другие.,1,3,1,3,1
1973,17,422,8,"Неделя дружбы советской и египетской молодежи. Репортаж по г.Баку, проезжает автобус с членами египетской делегации. Члены египетской делегации возлагают венок к Вечному огню. Делегация осматривает порт. Египетскую делегацию приветствует национальный музыкальный ансамбль. Торжественное собрание, посвященное встрече молодежи СССР и Египта. ",1,1,1,1,1
1974,4,182,3,"Торжественное собрание в Баку, посвященное награждению Азербайджана орденом Дружбы Народов. Секретарь ЦК КПСС Ф.Д.Кулаков прикрепляет орден к знамени республики. ",1,1,1,1,1
1974,14,509,9,Бакинская школа военизированной пожарной охраны МВД СССР. Учебный полигон. Пожарные тушат горящую нефть. Занятие в классе.,1,3,1,3,1
1974,25,512,8,"Институт сердечно-сосудистой хирургии имени А.Н.Бакулева. Руководитель отделения хирургии магистральных сосудов профессор А.В.Покровский проводит операцию, используя новейший метод - вживление искусственных сосудов. ",0,0,0,0,0
1975,14,222,4,Церемония сдачи на хранение правительству СССР ратификационных грамот Конвенции о запрещении бактериологического оружия. Грамоты передают - посол США У.Стессел и посол Великобритании Т.Гарви.,0,0,0,0,0
1975,17,328,4," По улице Баку проходят ветераны Ф.И.Кузьмин, Б.Миртагиев, Н.Филимонов. Мастер обувной фабрики Ф.И.Кузьмин работает у станка. Старший ветеринарный инспектор Б. Миртагиев на пастбище осматривает ягнят. Пенсионер Н.П.Филимонов дома рассматривает фотографии в альбоме. Ветераны на прогулке с внуками. ",1,1,1,1,1
1977,26,305,4," Международная научная конференция ""Великая Октябрьская Социалистическая революция и национально-освободительное движение народов Азии, Африки и Латинской Америки"" в Баку. ",1,1,1,1,1
1977,27,102,2,Плавучая буровая установка у бакинских нефтяников.,1,3,1,3,1
1977,28,307,4," Международная научная конференция ""Великая Октябрьская Социалистическая революция и национально-освободительное движение народов Азии, Африки и Латинской Америки"" в Баку. ",1,1,1,1,1
1978,37,20,1,Пребывание Л. И. Брежнева в г. Баку. Торжественное заседание во Дворце имени Ленина. Выступление Л. И. Брежнева по случаю награждения г. Баку орденом Ленина. С ответной речью выступает Г. А. Алиев.,1,1,1,1,1
1978,37,306,4,Сборка кондиционеров на конвейере Бакинского завода бытовых кондиционеров.,1,3,1,3,1
1980,3,375,5," Производственные процессы на Бакинском электроламповом заводе ""Азэлектросвет"". ",1,3,1,3,1
1981,10,370,6,Сюжет о делегате 26 съезда КПСС работнице Бакинского завода трансформаторов  А. Г. Алиевой.,1,3,1,3,1
1981,13,148,3,Производственные процессы на Бакинском заводе бытовых кондиционеров.,1,3,1,3,1
1981,27,152,3,Строительство нефтепровода Грозный - Баку.,1,1,1,1,1
1982,15,400,6," Латвийский рыболовецкий колхоз ""Саркана Бака"". ",0,0,0,0,0
1982,19,335,5,Делегат 19-го съезда ВЛКСМ слесарь-сборщик Бакинского завода бытовых кондиционеров С. Мамедова;,1,3,1,3,1
1982,23,374,6,Нефтяники Каспия (Баку).,1,1,1,1,1
1983,31,244,4,Уборка хлеба в колхозе имени Коминтерна Рязанской области. Председатель колхоза С. Бакулин за работой. Уборка урожая бригадным подрядом.,0,0,0,0,0
1986,45,164,2,Новобакинская птицефабрика. Руководитель республиканского объединения промышленного птицеводства М. Мамедов говорит о работе отрасли (синхронно). Один из районов г. Баку.,1,1,1,1,1
1988,11,277,3," Астраханский биосферный заповедник: пейзажи дельты р. Волги, бакланы, пеликаны. Производственные процессы на Астраханском газоперерабатывающем комплексе.",0,0,0,0,0
1990,5,20,1,"Сдвоенный выпуск. Второй съезд народных депутатов. Депутаты в кулуарах и в зале заседаний. Доклад «Об усилении борьбы с организованной преступностью» выступает министр внутренних дел В.В. Бакатин (синхронно). С сообщением комиссии по политической и правовой оценке советско-германского договора о ненападении от 1939 года выступает Председатель комиссии А.Н. Яковлев (синхронно). В прениях выступают депутаты: Р.А. Медведев, В.С. Образ, М.Г. Вульфсон (синхронно, имена выступающих не названы). С сообщением комиссии по расследованию событий в Тбилиси выступает Председатель комиссии А.А. Собчак (синхронно). С сообщением комиссии по проверке материалов, связанных с деятельностью следственной группы, возглавляемой Т. Х. Гдляном, выступает депутат В. А. Ярин (синхронно). Т. Х. Гдлян и Н. В. Иванов выступают с опровержениями выводов комиссии (синхронно). Выступает Е. К. Лигачев (синхронно). С сообщением комиссии по привилегиям выступает Председатель комиссии, Председатель Совета Союза Верховного Совета СССР Е. М. Примаков (синхронно). С информацией о политической оценке решения о вводе советских войск в Афганистан выступает депутат А. С. Дзасохов (синхронно). С заключительным словом на втором съезде народных депутатов СССР выступает Председатель Верховного Совета СССР М. С. Горбачев (синхронно).",0,0,0,0,0
1990,7,20,1,"Выборы президента СССР на Третьем съезде народных депутатов. Кремль. Депутаты идут на третий внеочередной съезд. Депутаты выступают с трибуны. В качестве кандидатов выдвинуты депутаты М.С. Горбачев, Н.И. Рыжков и В.В. Бакатин. Н. И. Рыжков и В. В. Бакатин берут самоотвод. Неизвестная депутат выступает с критикой самоотвода (синхронно). Тайное голосование. Председатель счетной комиссии депутат Ю. Осипьян оглашает результаты голосования. М.С. Горбачев приносит присягу  (синхронно). А.И. Лукьянов объявляет о том, что Горбачев вступил в должность (синхронно). М.С. Горбачев выступает с речью (синхронно).",0,0,0,0,0
1990,20,20,1,"Сдвоенный выпуск. 28-й съезд КПСС. Делегаты перед заседаниями. Делегат вносит предложение избрать Генеральным секретарем ЦК КПСС М.С.Горбачева (синхронно). Делегаты обсуждают кандидатуру Горбачева (синхронно, имена не названы). Делегат от микрофона в зале выступает  с предложением выдвинуть на пост Генерального секретаря ЦК КПСС Т.Г.Авалиани – секретаря Киселевского горкома партии (синхронно). Также в качестве кандидатов упоминаются кандидатуры Бакатина, Лобова, Столярова, Сысуева, Шеварднадзе, Яковлева. Кандидат на пост Генерального секретаря ЦК КПСС Т.Г.Авалиани отвечает на вопросы делегатов (синхронно). Кандидат на пост Генерального секретаря ЦК КПСС В.В.Бакатин снимает свою кандидатуру (синхронно). М.С.Горбачев выступает с предварительным словом и отвечает на вопросы делегатов (синхронно). Кандидат на пост Генерального секретаря ЦК КПСС Лобов, Столяров, Сысоев, Шеварднадзе, Яковлев снимают свои кандидатуры (синхронно). Тайное голосование, председатель счетной комиссии оглашает результаты голосования (синхронно). Генеральным секретарем ЦК КПСС избран М.С. Горбачев. Выступает Генеральный секретарь ЦК КПСС М.С.Горбачев, предлагает избрать заместителем Генерального секретаря В.А.Ивашко – председателя Верховного Совета УССР (синхронно). Также выдвинут Е.К. Лигачев. Делегат Дудырев предлагает свою кандидатуру на пост заместителя Генерального секретаря ЦК КПСС, выступает с биографией и программой (синхронно). Кандидат на пост заместителя Генерального секретаря ЦК КПСС В.А.Ивашко, Е.К. Лигачев выступают со своей программой (синхронно). Делегат А.А.Собчак задает Е.К.Лигачеву вопрос о событиях в Тбилиси и о роли в них Политбюро ЦК КПСС (синхронно). Е.К.Лигачев отвечает на вопрос А.А.Собчака (синхронно). В.А. Ивашко избран заместителем Генерального секретаря, Б.К. Пуго избран председателем Центральной контрольной комиссии.",0,0,0,0,0
1991,5,20,1,"Сдвоенный выпуск. Четвертый съезд народных депутатов СССР. Люди перестройки. Закадровый голос говорит о появлении в стране многих ярких политиков, отдельно показаны Ю. Афанасьев, Б.Н. Ельцин, Ю. Черниченко, Н. Травкин, А. Оболенский, П. Бунич, А. Собчак, Д. Кугультинов, Г. Попов, Н. Назарбаев, С. Алексеев, Т. Гдлян, А.М. Яковлев (никто из них по имени не назван). Уход из большой политики А.Н. Яковлева, отставка В. Бакатина (упомянуты поименно). На трибуне депутаты Петрушенко и В. Алкснис (не названы). Э.А. Шеварднадзе выступает и подает в отставку с поста министра иностранных дел и предупреждает о возможности диктатуры (синхронно).",0,0,0,0,0
1991,13,20,1,"Сдвоенный выпуск. Избрание президента РСФСР. Большой Кремлевский Дворец. Четвертый съезд народных депутатов РСФСР. Председатель Комитета Верховного Совета РСФСР по законодательству С. М. Шахрай докладывает о законе «О президенте РСФСР» (синхронно). В прениях о законе выступают депутаты О. В. Казаров, С. Н. Бабурин, О. Г. Румянцев (синхронно, имена выступающих не названы). В фойе зала заседаний висят карикатуры, депутаты их рассматривают. Кандидаты в президенты В. В. Жириновский, Н. И. Рыжков и А. Тулеев среди депутатов. Выступает депутат Н. А. Павлов (синхронно, имя не названо). С. М. Шахрай дает разъяснения депутатам (синхронно). Закон о Президенте РСФСР принят. Кандидат В. В. Жириновский выступает по вопросу о дате выборов (синхронно). Выступает кандидат А. М. Макашов с изложением своей предвыборной программы (синхронно). Выступает кандидат В. В. Бакатин (синхронно). Кандидаты Жириновский, Бакатин, Макашов, Тулеев, Рыжков, Ельцин во время предвыборной кампании. Кадры с митингов в поддержку Б.Н. Ельцина. Б. Н. Ельцин с супругой на избирательном участке, голосует. Н. И. Рыжков с супругой идут на избирательный участок, получают бюллетени для голосования. Кадры голосующих на избирательных участках. Результаты голосования: победа Ельцина. Кремлевский Дворец съездов. Б. Н. Ельцин присягает на верность Конституции и народу РСФСР (синхронно). Гимн. Виды Кремля. Плакаты с портретом Б. Н. Ельцина и с надписью «Ельцин – последняя надежда России». Народ на Манежной площади.",0,0,0,0,0
